AppID,Nome,Preço,Data_Hora
2939280,Train Simulator Classic: Rail Subscription,35.79,01/03/26-05:02:32
3403120,TS Marketplace: Burlington Northern Scenario Pack 01 ,32.99,01/03/26-05:02:33
3403050,Train Simulator: Nürnberg – Donauwörth Add-On,101.99,01/03/26-05:02:34
3403000,Train Simulator: Buchan Line: Aberdeen - Peterhead,88.99,01/03/26-05:02:35
3403020,TS Marketplace: CSX Scenario Pack 03,32.99,01/03/26-05:02:36
3403030,Train Simulator: Green River – Kemmerer Route,107.99,01/03/26-05:02:37
3403010,Train Simulator: 40CC Loco,57.99,01/03/26-05:02:38
3402980,Train Simulator: S-Bahn S1 München,88.99,01/03/26-05:02:39
3402990,TS Marketplace: BNSF Scenario Pack 02,32.99,01/03/26-05:02:40
3402830,TS Marketplace: RO Calatori B 26-26 Coach Pack  ,46.99,01/03/26-05:02:41
3402930,Train Simulator: DB BR218 + 761,73.99,01/03/26-05:02:42
3402840,TS Marketplace: RO Calatori B 26-47 Coach Pack,46.99,01/03/26-05:02:43
2956090,Train Simulator: Intercity Mod,59.99,01/03/26-05:02:44
3402810,TS Marketplace: Rheintalbahn Scenario Pack Vol. 1  ,32.99,01/03/26-05:02:45
3402760,TS Marketplace: BNSF Scenario Pack 01,32.99,01/03/26-05:02:46
3402750,Train Simulator: Western Maryland I-2 Class ,73.99,01/03/26-05:02:47
3402790,Train Simulator: Ostbahn: Wien Hbf - Hegyeshalom - Bratislava-Petrzalka Route Add-On,101.99,01/03/26-05:02:48
2956140,Train Simulator: DB BR143+760,73.99,01/03/26-05:02:49
2956160,TS Marketplace: SW1 Switcher Scenario Pack 01 ,32.99,01/03/26-05:02:50
2956110,Train Simulator: CR400AF Loco Add-On,52.49,01/03/26-05:02:51
2956120,TS Marketplace: Bozeman Pass Scenario Pack 01,32.99,01/03/26-05:02:52
2956100,TS Marketplace: Chatham Main Line - London to Ramsgate and Dover Priory Scenario Pack 01,32.99,01/03/26-05:02:52
2956060,Train Simulator: DB BR633,59.99,01/03/26-05:02:54
2956080,Train Simulator: SW1 Switcher,59.99,01/03/26-05:02:55
2956070,Train Simulator: Pipestone Pass: Three Forks - Butte,107.99,01/03/26-05:02:55
2955980,Train Simulator: DB BR143 v.2,54.99,01/03/26-05:02:56
1515063,Train Simulator: Birmingham Cross City Line: Lichfield - Bromsgrove & Redditch Route Add-On,75.49,01/03/26-05:02:57
2956030,Train Simulator: Bozeman Pass: Livingston - Three Forks & Trident,107.99,01/03/26-05:02:58
2956050,TS Marketplace: DB Facs124 Wagon Pack,16.99,01/03/26-05:02:59
2662490,Train Simulator: BR 218 & Wittenberger Regional Express,73.99,01/03/26-05:03:00
2956020,TS Marketplace: Feather River Canyon Enhanced Scenario Pack 02,32.99,01/03/26-05:03:01
1110406,TS Marketplace: Uacs Wagon Pack,16.99,01/03/26-05:03:02
1110405,TS Marketplace: Ealos-t Wagon Pack,16.99,01/03/26-05:03:03
896769,TS Marketplace: Hbis-tt Wagon Pack 01,10.89,01/03/26-05:03:04
2955970,Train Simulator: C-424,38.79,01/03/26-05:03:05
2662500,Train Simulator: Wessex Main Line: Southampton - Salisbury Extension,88.99,01/03/26-05:03:06
2955940,Train Simulator: Feather River Canyon Enhanced — Premium Scenario Pack,46.99,01/03/26-05:03:07
2955930,Train Simulator: Himrrs Freight Wagon,32.64,01/03/26-05:03:08
2662540,Train Simulator: 15th Anniversary Scenario Pack,52.49,01/03/26-05:03:09
2662520,Train Simulator: EA-692,59.99,01/03/26-05:03:10
2662510,Train Simulator: Stevens Pass Scenario Pack 02,32.99,01/03/26-05:03:11
376933,Train Simulator: Shanghai Maglev Route Add-On,36.99,01/03/26-05:03:12
2662460,Train Simulator: Empire State Express No. 999,73.99,01/03/26-05:03:13
1107812,Train Simulator: Granger Heartland: Kansas City – Topeka Route Add-On,47.49,01/03/26-05:03:14
2662440,Train Simulator: Saluda Grade Scenario Pack 02,32.99,01/03/26-05:03:15
2662420,Train Simulator: Ringbahn Berlin Circle,107.99,01/03/26-05:03:16
2955990,Train Simulator: Santa Fe Super Fleet GP60M,59.99,01/03/26-05:03:17
2403305,Train Simulator: China Railways HXD1,73.99,01/03/26-05:03:18
2662390,Train Simulator: Amtrak AEM-7,59.99,01/03/26-05:03:19
222557,Train Simulator: London-Faversham High Speed Route Add-On,47.49,01/03/26-05:03:19
2662410,Train Simulator: Feather River Canyon Enhanced: Oroville - Portola,107.99,01/03/26-05:03:20
1110402,TS Marketplace: Eamnos VTG Wagon Pack,16.99,01/03/26-05:03:21
2403306,Train Simulator: China Railways DF11G,73.99,01/03/26-05:03:22
1110404,TS Marketplace: Zcs VTG Wagon Pack,16.99,01/03/26-05:03:23
1110401,TS Marketplace: Tamns VTG Wagon Pack,16.99,01/03/26-05:03:24
222638,Train Simulator: South London Network Route Add-On,47.49,01/03/26-05:03:25
1110403,TS Marketplace: Zacens Wagon Pack,16.99,01/03/26-05:03:26
2662380,Train Simulator: Brockenbahn: Wernigerode - Brocken Route Add-On,88.99,01/03/26-05:03:27
2662370,Train Simulator: DB Fas 126,46.99,01/03/26-05:03:28
1110400,TS Marketplace: Shimmns-ttu Wagon Pack,16.99,01/03/26-05:03:29
2403303,Train Simulator: AT&SF Scenario Pack 01,32.99,01/03/26-05:03:30
2662350,Train Simulator: Chatham & Medway Valley Scenario Pack,32.99,01/03/26-05:03:31
2403307,Train Simulator: DB BR 218 'V 164',54.99,01/03/26-05:03:32
2403309,Train Simulator: Southern Railway Retro Pack 01,73.99,01/03/26-05:03:33
2288621,Train Simulator: Tokyo Commuter: Keihin–Tohoku & Utsunomiya Lines Route Add-On,88.99,01/03/26-05:03:34
1211479,Train Simulator: Lake Constance: Schaffhausen – Kreuzlingen Route Add-On,65.99,01/03/26-05:03:35
1922045,Train Simulator: Union Pacific Heavy Challenger Steam Loco Add-On,47.49,01/03/26-05:03:36
1869394,Train Simulator: New Zealand Ja Class Steam Loco Add-On,37.99,01/03/26-05:03:37
2403288,Train Simulator: Norfolk Southern Saluda Grade Route Add-On,88.99,01/03/26-05:03:38
2403301,Train Simulator: Burlington Northern U25,59.99,01/03/26-05:03:39
2403304,TS Marketplace: Saluda Grade Scenario Pack 01,32.99,01/03/26-05:03:40
2288627,Train Simulator: Norfolk Southern SD70ACU,59.99,01/03/26-05:03:41
277752,Train Simulator: Miami - West Palm Beach Route Add-On,47.49,01/03/26-05:03:41
1429756,Train Simulator: S25 Heart of Berlin: Hennigsdorf - Teltow Route Add-On,75.49,01/03/26-05:03:42
1429757,Train Simulator: Bahnstrecke Riesa - Dresden Route Add-On,75.49,01/03/26-05:03:43
222588,Train Simulator: Hamburg-Hanover Route Add-On,36.99,01/03/26-05:03:44
2009528,Train Simulator: Pegnitztalbahn: Nürnberg - Bayreuth Route Add-On,88.99,01/03/26-05:03:45
834407,Train Simulator: Frankfurt High Speed: Frankfurt – Karlsruhe Route Extension Add-On,36.99,01/03/26-05:03:46
704286,Train Simulator: Longhai Railway: Lingbao - Mianchi Route Add-On,75.49,01/03/26-05:03:47
277767,Train Simulator: Chengdu - Suining High Speed Route Add-On,36.99,01/03/26-05:03:48
277768,Train Simulator: The Rhine Railway: Mannheim - Karlsruhe Route Add-On,47.49,01/03/26-05:03:49
2009525,Train Simulator: Flying Scotsman Centenary Steam Loco Add-On,37.99,01/03/26-05:03:50
2403283,Train Simulator: Hope Valley Line: Manchester - Sheffield,107.99,01/03/26-05:03:51
222545,Train Simulator: DB ICE 2 EMU Add-On,34.99,01/03/26-05:03:52
500246,Train Simulator: Western Sichuan Pass: Dujiangyan - Maoxian & Mashancun Route Add-On,69.99,01/03/26-05:03:53
2403302,Train Simulator: Zhengxi Highspeed: Zhengzhou - Sanmenxia Route Add-On,101.99,01/03/26-05:03:54
2288624,Train Simulator: U-Bahn Hamburg U1: Norderstedt Mitte - Ohlstedt & Großhansdorf Route Add-On,107.99,01/03/26-05:03:55
1267504,Train Simulator: Arlbergbahn: Innsbruck - Bludenz Route Add-On,75.49,01/03/26-05:03:56
774754,Train Simulator: Frankfurt S-Bahn Rhein Main Route Add-On,75.49,01/03/26-05:03:57
1804514,Train Simulator: Salzburg - Rosenheim Route Add-On,75.49,01/03/26-05:03:58
2662430,Train Simulator: Tennessee Pass,107.99,01/03/26-05:03:59
376951,Train Simulator: ÖBB 4023 ‘Talent' EMU Add-On,45.99,01/03/26-05:04:00
1869392,Train Simulator: Tōhoku High Speed & Main Line Route Add-On,75.49,01/03/26-05:04:01
1637251,Train Simulator: Southwestern Expressways: Reading - Exeter Route Add-On,84.99,01/03/26-05:04:02
500214,Train Simulator: Rebuilt Bulleid Light Pacific Steam Loco Add-On,36.99,01/03/26-05:04:03
222573,Train Simulator: Western Pacific GP20 High Nose Loco Add-On,34.99,01/03/26-05:04:04
1109200,"Train Simulator: Totham – Passengers, Power & Freight Route Add-On",37.99,01/03/26-05:04:05
376954,Train Simulator: South West China High Speed Route Add-On,55.99,01/03/26-05:04:06
1922042,Train Simulator: Midland Main Line: Nottingham - Lincoln Route Add-On,47.49,01/03/26-05:04:07
980548,Train Simulator: Norfolk Southern N-Line Route Add-On,47.49,01/03/26-05:04:08
1147153,Train Simulator: Metro North M2 EMU Add-On,37.99,01/03/26-05:04:08
896715,Train Simulator: Frankfurt U-Bahn Route Add-On,75.49,01/03/26-05:04:09
1109208,Train Simulator: RhB Enhancement Pack 04 Add-On,37.99,01/03/26-05:04:10
642802,Train Simulator: The Kyle Line: Inverness - Kyle of Lochalsh Route Add-On,75.49,01/03/26-05:04:11
1211478,Train Simulator: ECML North: Newcastle - Edinburgh Route Add-On,57.99,01/03/26-05:04:12
980547,Train Simulator: Guiguang High Speed Railway: Guilin - Hezhou Route Add-On,75.49,01/03/26-05:04:13
562374,Train Simulator: BR Standard Class 4MT,37.99,01/03/26-05:04:14
2202020,Train Simulator: E60 Electric Locomotive Add-On,59.99,01/03/26-05:04:15
1429751,Train Simulator: Midland Main Line: Sheffield - Derby Route Add-On,75.49,01/03/26-05:04:16
277760,Train Simulator: Midland Main Line London-Bedford Route Add-On,47.49,01/03/26-05:04:17
1012102,Train Simulator: Gotthardbahn Alpine Classic: Erstfeld – Bellinzona Route Add-On,75.49,01/03/26-05:04:18
1055333,Train Simulator: South Western Main Line: Southampton - Bournemouth Route Add-On,47.49,01/03/26-05:04:19
277751,The Count of Monster Disco,19.99,01/03/26-05:04:20
1230274,Train Simulator: Engadin Linie: Pontresina - Scuol-Tarasp Route Add-On,75.49,01/03/26-05:04:21
1515069,Train Simulator: Giselabahn: Saalfelden - Wörgl Route Add-On,75.49,01/03/26-05:04:22
325954,Train Simulator: WCML Trent Valley Route Add-On,69.99,01/03/26-05:04:23
1105542,Train Simulator: Surselva Line: Reichenau-Tamins - Disentis/Mustér Route Add-On,75.49,01/03/26-05:04:24
1109209,Train Simulator: Norddeutsche-Bahn: Kiel - Lübeck Route Add-On,47.49,01/03/26-05:04:25
1109205,Train Simulator: Bernina Line: Poschiavo - Tirano Route Add-On,57.99,01/03/26-05:04:26
1429752,Train Simulator: South Wales Coastal: Bristol - Swansea Route Add-on,75.49,01/03/26-05:04:27
2288626,Train Simulator: Regensburg – Ingolstadt Route Add-On,107.99,01/03/26-05:04:28
1922047,TS Marketplace: Lake Constance Scenario Pack,20.69,01/03/26-05:04:29
1107810,Train Simulator: Ennstalbahn: Bishofshofen - Selzthal Route Add-On,75.49,01/03/26-05:04:30
376961,Train Simulator: Wakayama & Sakurai Lines Route Add-On,69.99,01/03/26-05:04:31
2288629,TS Marketplace: Gotthardbahn Scenario Pack 01,32.99,01/03/26-05:04:32
1230273,Train Simulator: SBB RABe 523 EMU Add-On,37.99,01/03/26-05:04:32
2662400,Train Simulator: Rudolfsbahn: Bruck an der Mur - Selzthal & Knittelfeld,101.99,01/03/26-05:04:33
2009527,Train Simulator: Taurus Mountains: Ulukışla – Yenice Route Add-On,88.99,01/03/26-05:04:34
2202023,Train Simulator: Bernina Pass Scenario Pack 01,32.99,01/03/26-05:04:35
1804516,TS Marketplace: Bernina Line Scenario Pack 01,20.69,01/03/26-05:04:36
208318,Train Simulator: PRR Baldwin Centipede Loco Add-On,45.99,01/03/26-05:04:37
1429753,Train Simulator: Midland Line: Aickens - Springfield Route Add-On,75.49,01/03/26-05:04:38
376975,Train Simulator: Hamburg S1 S-Bahn Route Add-On,47.49,01/03/26-05:04:39
1869398,Train Simulator: Salzburg - Schwarzach-St. Veit Route Add-On,57.99,01/03/26-05:04:40
208286,Train Simulator: Sherman Hill Route Add-On,36.99,01/03/26-05:04:41
677951,Train Simulator: Allgäubahn: Kempten - Lindau & Immenstadt - Oberstdorf Route Add-On,75.49,01/03/26-05:04:42
621925,Train Simulator: Hidaka Main Line: Tomakomai - Hidaka-Mombetsu Route Add-On,37.99,01/03/26-05:04:43
1637257,Train Simulator: Bahnstrecke Strasbourg - Karlsruhe Route Add-On,75.49,01/03/26-05:04:44
562386,Train Simulator: New Haven E-33 Loco Add-On,36.99,01/03/26-05:04:45
2403284,TS Marketplace: Sps 466 Wagon,32.99,01/03/26-05:04:46
2403282,Train Simulator: Western Maryland H-9 Class,73.99,01/03/26-05:04:47
2403280,Train Simulator: China Railways CR400BF,59.99,01/03/26-05:04:48
448192,Train Simulator: Mittenwaldbahn: Garmisch-Partenkirchen - Innsbruck Route Add-On,47.49,01/03/26-05:04:49
1869393,Train Simulator: Glasgow Subway Route Add-On,47.49,01/03/26-05:04:50
2403281,Train Simulator: SR V Schools Class,59.99,01/03/26-05:04:51
1147155,Train Simulator: RhB Enhancement Pack 05 Add-On,37.99,01/03/26-05:04:52
2288625,TS Marketplace: Boston & Albany Scenario Pack 01,32.99,01/03/26-05:04:53
1267502,Train Simulator: Tadami Line: Aizu-Wakamatsu - Tadami Route Add-On,75.49,01/03/26-05:04:54
2288622,TS Marketplace: Wasatch Grade Scenario Pack 01,32.99,01/03/26-05:04:55
277777,Train Simulator: Weardale & Teesdale Network Route Add-On,47.49,01/03/26-05:04:56
2202028,Train Simulator: Boston & Albany: Boston - Springfield Route Add-On,107.99,01/03/26-05:06:27
967287,Train Simulator: Inselbahn: Stralsund – Sassnitz Route Add-On,47.49,01/03/26-05:06:28
1717656,Train Simulator: DB BR 247 Loco Add-On,37.99,01/03/26-05:06:29
376938,Train Simulator: LGV: Marseille - Avignon Route Add-On,47.49,01/03/26-05:06:30
2202026,Train Simulator: Suburban Glasgow: Airdrie Route Extension Add-On,59.99,01/03/26-05:06:31
2202021,Train Simulator: Amtrak P40DC Loco Add-On,59.99,01/03/26-05:06:32
2202024,Train Simulator: New Zealand Kb Class Steam Loco Add-On,59.99,01/03/26-05:06:33
1922049,Train Simulator: Huddersfield Line: Manchester - Leeds Route Add-On,57.99,01/03/26-05:06:34
1429754,Train Simulator: Northeast Corridor: Washington DC - Baltimore Route Add-On,75.49,01/03/26-05:06:35
2403286,Train Simulator: Glasgow to Dunblane and Alloa Route Add-On,107.99,01/03/26-05:06:36
1804513,Train Simulator: Mount Shasta Line: Dunsmuir - Klamath Falls Route Add-On,75.49,01/03/26-05:06:36
621870,Train Simulator: Arosa Line Route Add-On,69.99,01/03/26-05:06:37
2202022,Train Simulator: LIRR M3 EMU Add-On,59.99,01/03/26-05:06:38
1922043,Train Simulator: Long Island Rail Road: New York – Hicksville Route Add-On,57.99,01/03/26-05:06:39
325990,Train Simulator: Semmeringbahn - Mürzzuschlag to Gloggnitz Route Add-On,36.99,01/03/26-05:06:40
677960,Train Simulator: Chatham Main & Medway Valley Lines Route Add-On,47.49,01/03/26-05:06:41
222593,Train Simulator: Great Eastern Main Line London-Ipswich Route Add-On,36.99,01/03/26-05:06:42
222561,Train Simulator: Marias Pass: Shelby - Whitefish Route Add-On,36.99,01/03/26-05:06:43
376966,Train Simulator: Albula Line: St Moritz - Thusis Route Add-On,69.99,01/03/26-05:06:44
500218,Train Simulator: North Jersey Coast & Morristown Lines Route Add-On,47.49,01/03/26-05:06:45
277775,Train Simulator: Soldier Summit Route Add-On,47.49,01/03/26-05:06:46
820203,Train Simulator: Portsmouth Direct Line: London Waterloo - Portsmouth Route Add-On,47.49,01/03/26-05:06:47
1804511,Train Simulator: North Wales Coast Line: Crewe - Holyhead Route Add-On,75.49,01/03/26-05:06:48
258643,Train Simulator: NEC: New York-New Haven Route Add-On,47.49,01/03/26-05:06:49
222571,Train Simulator: Southern Pacific GP20 Loco Add-On,34.99,01/03/26-05:06:50
1717657,Train Simulator: Chatham Main Line: London Victoria & Blackfriars - Dover & Ramsgate Route Add-On,75.49,01/03/26-05:06:51
1717654,Train Simulator: Amtrak P42DC 50th Anniversary Collector’s Edition,37.99,01/03/26-05:06:52
1230271,Train Simulator: Clinchfield Railroad: Elkhorn City - St. Paul Route Add-On,75.49,01/03/26-05:06:53
2956010,Train Simulator: BR285 Diesel Loco Add-On,59.99,01/03/26-05:06:54
2009529,TS Marketplace: Tehachapi Pass Scenario Pack 02,32.99,01/03/26-05:06:55
2403285,Train Simulator: Passau - Regensburg Route Add-On,88.99,01/03/26-05:06:56
2009522,TS Marketplace: Stevens Pass Scenario Pack 01,32.99,01/03/26-05:06:57
643692,TS Marketplace: HXD3D Electric Locomotive Add-On,20.69,01/03/26-05:06:58
621927,Train Simulator: CRH2A EMU Add-On,37.99,01/03/26-05:06:59
277770,Train Simulator: CRH380D EMU Add-On,32.99,01/03/26-05:07:00
376955,Train Simulator: CRH 380A High Speed Train Add-On,59.99,01/03/26-05:07:01
861881,Train Simulator: Bernina Pass: St Moritz – Poschiavo Route Add-On,75.49,01/03/26-05:07:02
1515062,TS Marketplace: Pacific Surfliner Scenario Pack,20.69,01/03/26-05:07:02
1922041,TS Marketplace: Strasbourg - Karlsruhe Scenario Pack 01,20.69,01/03/26-05:07:03
1267509,Train Simulator: CSX Hanover Subdivision: Hanover - Hagerstown Route Add-On,75.49,01/03/26-05:07:04
1637255,Train Simulator: B&O Mountain Subdivision: Cumberland - Grafton Route Add-On,75.49,01/03/26-05:07:05
1804510,Train Simulator: B&O Mountain Subdivision Retro Pack,47.49,01/03/26-05:07:06
1637259,TS Marketplace: B&O Mountain Subdivision Scenario Pack 01,20.69,01/03/26-05:07:07
1560933,Train Simulator: Chessie System Retro Pack,47.49,01/03/26-05:07:08
2403308,Train Simulator: Wien - St. Pölten Route Add-On,88.99,01/03/26-05:07:09
1869395,TS Marketplace: Marias Pass Scenario Pack 01,20.69,01/03/26-05:07:10
1364037,Train Simulator: Western Maryland Railway Retro Pack,47.49,01/03/26-05:07:11
277742,Train Simulator: The Story of Forest Rail Route Add-On,47.99,01/03/26-05:07:12
277748,Train Simulator: West Highland Line Extension Route Add-On,69.99,01/03/26-05:07:13
642803,Train Simulator: RhB Enhancement Pack 02 Add-On,37.99,01/03/26-05:07:14
1869397,Train Simulator: Penn Central Pack 01,37.99,01/03/26-05:07:15
1922040,TS Marketplace: Mount Shasta Scenario Pack 01,20.69,01/03/26-05:07:16
562388,Train Simulator: ÖBB 4010 EMU Add-On,37.99,01/03/26-05:07:17
1922044,Train Simulator: Santa Fe Classic Pack 01,47.49,01/03/26-05:07:18
2202029,Train Simulator: Linz - Passau Route Add-On,88.99,01/03/26-05:07:19
896768,TS Marketplace: U34CH Early Years Livery Pack,10.89,01/03/26-05:07:20
820201,Train Simulator: Tirol: Brenner - Kufstein Route Add-On,75.49,01/03/26-05:07:21
1804517,Train Simulator: ÖBB 4746 Cityjet EMU Add-On,37.99,01/03/26-05:07:22
1717659,TS Marketplace: Fife Circle Scenario Pack 01,20.69,01/03/26-05:07:23
1869399,Train Simulator: DSP&P Mogul Steam Loco Add-On,37.99,01/03/26-05:07:24
1055372,TS Marketplace: Snps Wagon Pack 02,10.89,01/03/26-05:07:25
1267501,Train Simulator: ÖBB 1822 Loco Add-On,37.99,01/03/26-05:07:26
2662360,Train Simulator: ÖBB 8073,59.99,01/03/26-05:07:27
1055371,TS Marketplace: NZ Stock Wagon Pack 01,20.69,01/03/26-05:07:28
1804518,Train Simulator: Bahnstrecke Leipzig - Riesa Route Extension Add-On,37.99,01/03/26-05:07:29
1055370,TS Marketplace: Snps Wagon Pack 01,10.89,01/03/26-05:07:29
1804518,Train Simulator: Bahnstrecke Leipzig - Riesa Route Extension Add-On,37.99,01/03/26-05:07:30
1211470,Train Simulator: Fife Circle Line: Edinburgh - Dunfermline Route Add-On,47.49,01/03/26-05:07:31
325976,Train Simulator: Clear Creek Narrow Gauge Route Add-On,69.99,01/03/26-05:07:32
896719,Train Simulator: Hudson Line: New York – Croton-Harmon Route Add-On,47.49,01/03/26-05:07:33
258654,Train Simulator: Norfolk Southern Coal District Route Add-On,36.99,01/03/26-05:07:34
1098161,Train Simulator: DB BR 204 Loco Add-On,37.99,01/03/26-05:07:35
1267503,Train Simulator: Clinchfield Railroad U36C Loco Add-On,37.99,01/03/26-05:07:36
1267507,Train Simulator: Frankfurt - Koblenz Route Add-On,75.49,01/03/26-05:07:37
258653,Train Simulator: Liverpool-Manchester Route Add-On,36.99,01/03/26-05:07:38
65232,Train Simulator: Northeast Corridor: New York - Philadelphia Route Add-On,36.99,01/03/26-05:07:39
376946,Train Simulator: Chatham Main Line - London-Gillingham Route Add-On,37.99,01/03/26-05:07:40
222610,Train Simulator: DB BR 411 'ICE-T' EMU Add-On,34.99,01/03/26-05:07:41
1109207,Train Simulator: DB BR 146.5 & BR 668.2 ‘Intercity 2’ Loco Add-On,37.99,01/03/26-05:07:42
1717655,TS Marketplace: Tehachapi Pass Scenario Pack 01,20.69,01/03/26-05:07:43
1429759,Train Simulator: BR Rebuilt West Country & Battle of Britain Class Steam Loco Add-On,47.49,01/03/26-05:07:44
448185,Train Simulator: RhB Enhancement Pack 01,36.99,01/03/26-05:07:45
1869390,Train Simulator: Union Pacific F3 Loco Add-On,37.99,01/03/26-05:07:46
562387,Train Simulator: DB BR 612 DMU Add-On,37.99,01/03/26-05:07:47
980541,Train Simulator: Südbahn: Bruck an der Mur - Maribor Route Add-On,75.49,01/03/26-05:07:48
1804515,Train Simulator: Thameslink BR Class 700 EMU Add-On,37.99,01/03/26-05:07:49
1560935,Train Simulator: Tehachapi Pass: Mojave - Bakersfield Route Add-On,75.49,01/03/26-05:07:50
1717658,Train Simulator: CSX SD45-2 Loco Add-On,37.99,01/03/26-05:07:51
1717651,TS Marketplace: Frankfurt - Koblenz Scenario Pack 01,20.69,01/03/26-05:07:52
1364033,Train Simulator: WCML South: London Euston - Birmingham Route Add-On,75.49,01/03/26-05:07:52
1804512,TS Marketplace: Western Maryland Scenario Pack 01,20.69,01/03/26-05:07:53
1230279,Train Simulator: Welsh Marches: Newport - Shrewsbury Route Add-On,75.49,01/03/26-05:07:54
1922048,Train Simulator: Drautalbahn: Klagenfurt - Spittal Millstättersee Route Add-On,88.99,01/03/26-05:07:55
834400,Train Simulator: DB BR 643 DMU Add-On,37.99,01/03/26-05:07:56
1717652,Train Simulator: DB BR 187 Loco Add-On,37.99,01/03/26-05:07:57
1717650,TS Marketplace: Northeast Corridor Scenario Pack 02,20.69,01/03/26-05:07:58
1429750,Train Simulator: Canadian National SD60 Loco Add-On,37.99,01/03/26-05:07:59
1098163,Train Simulator: Nuremberg & Regensburg Bahn,47.49,01/03/26-05:08:00
1055339,Train Simulator: SŽ Series 363 Loco Add-On,37.99,01/03/26-05:08:01
774759,Train Simulator: Salt Lake City Route Extension Add-On,30.99,01/03/26-05:08:02
1717653,Train Simulator: Salzburg - Mühldorf Route Add-On,75.49,01/03/26-05:08:03
861887,Train Simulator: DB BR 407 ‘New ICE 3’ EMU Add-On,37.99,01/03/26-05:08:04
208283,Train Simulator: DB ICE 3 EMU Add-On,17.99,01/03/26-05:08:05
1637252,Train Simulator: Salzburg - Wels Route Add-On,75.49,01/03/26-05:08:06
1637256,Train Simulator: Canadian Pacific SD60 Loco Add-On,37.99,01/03/26-05:08:07
208377,Train Simulator: DB ICE 1 EMU Add-On,14.99,01/03/26-05:08:08
1922046,Train Simulator: Holzkirchen - Wörgl Route Add-On,57.99,01/03/26-05:08:09
2009523,Train Simulator: Euro BR 159 Electro-Diesel Loco Add-On,59.99,01/03/26-05:08:10
2403287,Train Simulator: ÖBB 5081 Schienenbus,52.49,01/03/26-05:10:11
222578,Train Simulator: EWS & Freightliner Class 08s Loco Add-On,17.99,01/03/26-05:10:12
222607,Train Simulator: EWS Class 92 Loco Add-On,34.99,01/03/26-05:10:13
208369,Train Simulator: EWS Class 67 Loco Add-On,17.99,01/03/26-05:10:14
500245,Train Simulator: DB BR 642 DMU Add-On,36.99,01/03/26-05:10:15
448195,Train Simulator: Clear Creek Old Timer Rolling Stock Pack Add-On,36.99,01/03/26-05:10:16
376945,Train Simulator: DB BR 648 Loco Add-On,34.99,01/03/26-05:10:17
24096,Train Simulator: Falmouth Branch Route Add-On,25.99,01/03/26-05:10:18
222613,Train Simulator: West Coast Main Line Over Shap Route Add-On,69.99,01/03/26-05:10:19
208284,Train Simulator: Class 67 Diamond Jubilee Loco Add-On,8.39,01/03/26-05:10:20
967283,Train Simulator: LMS Rebuilt Patriot Class Steam Loco Add-On,37.99,01/03/26-05:10:21
896718,Train Simulator: LMS Rebuilt Royal Scot Steam Loco Add-On,37.99,01/03/26-05:10:22
1637253,Train Simulator: Norfolk Southern SD70M Loco Add-On,37.99,01/03/26-05:10:23
1637258,Train Simulator: New Zealand DJ Loco Pack,37.99,01/03/26-05:10:24
2403300,Train Simulator: E412 Electric Locomotive,59.99,01/03/26-05:10:25
1364036,Train Simulator: Suburban Glasgow Northwest: Springburn - Helensburgh Route Add-On,75.49,01/03/26-05:10:26
376943,Train Simulator: Berlin - Leipzig Route Add-On,69.99,01/03/26-05:10:27
2956000,Train Simulator: Munchen - Ingolstadt Route Add-On,88.99,01/03/26-05:10:28
325981,Train Simulator: Mosel Valley: Koblenz - Trier Route Add-On,49.99,01/03/26-05:10:29
1637254,Train Simulator: Western Maryland BL2 Loco Add-On,37.99,01/03/26-05:10:30
2955950,Train Simulator: St. Pölten - Linz,107.99,01/03/26-05:10:30
65255,Train Simulator: Settle to Carlisle Route Add-on,25.99,01/03/26-05:10:32
65258,Train Simulator: Settle Carlisle Specials Add-On,36.99,01/03/26-05:10:33
1098166,Train Simulator: Regional Railways BR Class 142 'Pacer' DMU,37.99,01/03/26-05:10:34
65233,Train Simulator: Horseshoe Curve Route Add-On,36.99,01/03/26-05:10:34
1869396,Train Simulator: ÖBB 1063 Loco Add-On,37.99,01/03/26-05:10:35
1515064,Train Simulator: Arizona Divide: Winslow - Williams Route Add-on,75.49,01/03/26-05:10:36
325960,Train Simulator: Riviera Line in the Fifties: Exeter - Kingswear Route Add-On,36.99,01/03/26-05:10:37
2662470,Train Simulator: Payerbach - Wien Hbf Route Add-On,88.99,01/03/26-05:10:38
642804,Train Simulator: InterCity BR Class 370 ‘APT-P’ Loco Add-On,37.99,01/03/26-05:10:39
277756,Train Simulator: Miami Commuter Rail F40PHL-2 Loco Add-On,25.99,01/03/26-05:10:40
325959,Train Simulator: Munich - Rosenheim Route Add-On,47.49,01/03/26-05:10:41
258640,Train Simulator: First Capital Connect Class 319 EMU Add-On,34.99,01/03/26-05:10:42
376956,Train Simulator: DB BR 440 ‘Coradia Continental’ Loco Add-On,34.99,01/03/26-05:10:43
1560938,Train Simulator: Tauernbahn: Schwarzach-Sankt Veit - Spittal an der Drau Route Add-On,75.49,01/03/26-05:10:44
1637250,TS Marketplace: London – Brighton Reigate Scenario Pack,22.79,01/03/26-05:10:45
222544,Train Simulator: LNER Black Class A3 ‘Flying Scotsman’ Loco Add-On,14.99,01/03/26-05:10:46
980544,Train Simulator: Union Pacific Wasatch Grade: Ogden - Evanston Route Add-On,75.49,01/03/26-05:10:47
325958,Train Simulator: DB BR 152 Loco Add-On,34.99,01/03/26-05:10:48
208280,Train Simulator: London to Brighton Route Add-On,36.99,01/03/26-05:10:49
258644,Train Simulator: Duchess of Sutherland Loco Add-On,34.99,01/03/26-05:10:50
277757,Train Simulator: Seaboard GE U36B Loco Add-On,36.99,01/03/26-05:10:51
1230277,Train Simulator: Metropolitan Line: Aldgate - Uxbridge & Amersham Route Add-On,84.99,01/03/26-05:12:22
277739,Train Simulator: West Rhine: Köln - Koblenz Route Add-On,36.99,01/03/26-05:12:23
24012,Train Simulator: BNSF ES44AC & SD40-2 Loco Add-On,15.28,01/03/26-05:12:24
704250,Train Simulator: Raton Pass: Trinidad - Raton Route Add-On,75.49,01/03/26-05:12:25
222611,Train Simulator: BNSF ES44DC Loco Add-On,34.99,01/03/26-05:12:26
65231,Train Simulator: Amtrak Acela Express EMU Add-On,17.99,01/03/26-05:12:27
222627,Train Simulator: Amtrak P42 DC 'Empire Builder' Loco Add-On,34.99,01/03/26-05:12:28
448180,Train Simulator: DB BR 114 Loco Add-On,34.99,01/03/26-05:12:29
222632,Train Simulator: The Riviera Line: Exeter-Paignton Route Add-On,44.99,01/03/26-05:12:30
24075,Train Simulator: Network Southeast Class 47 Loco Add-On,8.99,01/03/26-05:12:31
1364039,"Train Simulator: Karawankenbahn: Ljubljana, Villach & Tarvisio Route Add-On",75.49,01/03/26-05:12:32
277731,Train Simulator: BR Class 45 'Peak' Loco Add-On,34.99,01/03/26-05:12:33
222603,Train Simulator: Sheerness Branch Extension Route Add-On,34.99,01/03/26-05:12:34
65239,Train Simulator: Donner Pass: Southern Pacific Route Add-On,36.99,01/03/26-05:12:34
208361,Train Simulator: Union Pacific Big Boy Loco Add-On,47.49,01/03/26-05:12:35
65218,Train Simulator: Portsmouth Direct Line Route Add-On,18.59,01/03/26-05:12:36
967280,Train Simulator: RhB Enhancement Pack 03 Add-On,37.99,01/03/26-05:12:37
222608,Train Simulator: MRCE ES 64 U2 'Taurus' Loco Add-On,34.99,01/03/26-05:12:38
222639,Train Simulator: DB BR 145 Loco Add-On,34.99,01/03/26-05:12:39
1012100,Train Simulator: D&RGW SW1200 Loco Add-On,37.99,01/03/26-05:12:40
222602,Train Simulator: DB BR424 EMU Add-On,34.99,01/03/26-05:12:41
621926,Train Simulator: Canadian National Peace River Route Add-On,47.49,01/03/26-05:12:42
65256,Train Simulator: BR Class 423 ‘4VEP’ EMU Add-On,17.99,01/03/26-05:12:43
325971,Train Simulator: DR BR 86 Loco Add-On,34.99,01/03/26-05:12:44
967289,Train Simulator: ÖBB 1293 Loco Add-On,37.99,01/03/26-05:12:45
222582,Train Simulator: Canadian Mountain Passes: Revelstoke-Lake Louise,69.99,01/03/26-05:12:46
325974,Train Simulator: North London Line Route Add-On,36.99,01/03/26-05:12:47
222604,Train Simulator: Southern Pacific SD70M Loco Add-On,34.99,01/03/26-05:12:48
222576,Train Simulator: Southeastern Class 465 EMU Add-On,34.99,01/03/26-05:12:49
208292,Train Simulator: Southern Pacific Cab Forward Loco Add-On,34.99,01/03/26-05:12:50
208350,Train Simulator: Union Pacific Challenger Loco Add-On,14.99,01/03/26-05:12:51
222558,Train Simulator: Amtrak HHP-8 Loco Add-On,17.99,01/03/26-05:12:52
65253,Train Simulator: South West Trains Class 444 EMU Add-On,17.99,01/03/26-05:12:53
1230276,Train Simulator: Yellowhead Pass: Jasper - Valemount Route Add-On,75.49,01/03/26-05:12:54
222579,Train Simulator: BR Class 101 DMU Add-On,14.99,01/03/26-05:12:55
562381,Train Simulator: Netherfield: Nottingham Network Route Add-On,36.99,01/03/26-05:12:56
208364,Train Simulator: BR Class 170 ‘Turbostar’ DMU Add-On,17.99,01/03/26-05:12:57
208304,Train Simulator: Ruhr-Sieg Route Add-On,17.99,01/03/26-05:12:58
222581,Train Simulator: BNSF Locomotive Pack Add-On,34.99,01/03/26-05:12:59
562378,Train Simulator: Wutachtalbahn: Lauchringen – Immendingen Route Add-On,36.99,01/03/26-05:13:00
222635,Train Simulator: BR Class 52 Loco Add-On,25.99,01/03/26-05:13:00
277776,Train Simulator: DB BR 120 Loco Add-On,34.99,01/03/26-05:13:01
208282,Train Simulator: BR Robinson Class O4 Loco Add-On,14.99,01/03/26-05:13:02
678001,Train Simulator: Woodhead Electric Railway in Blue Route Add-On,47.49,01/03/26-05:13:03
1515068,Train Simulator: LMS Stanier Mogul Steam Loco Add-On,37.99,01/03/26-05:13:04
861889,Train Simulator: LGV Rhône-Alpes & Méditerranée Route Extension Add-On,36.99,01/03/26-05:13:05
678003,Train Simulator: Köln Airport Link Route Extension Add-On,36.99,01/03/26-05:13:06
1560934,Train Simulator: South Devon Main Line: Highbridge and Burnham - Plymouth Route Add-On,65.99,01/03/26-05:13:07
1560932,Train Simulator: New Haven DL-109 Loco Add-On,37.99,01/03/26-05:13:08
1560939,Train Simulator: Southern Pacific U33C Loco Add-On,37.99,01/03/26-05:13:09
1515065,Train Simulator: Union Pacific Big Boy Steam Loco Add-On,47.49,01/03/26-05:13:10
1267500,TS Marketplace: Clinchfield Railroad Scenario Pack 01,20.69,01/03/26-05:13:11
258652,Train Simulator: Munich - Garmisch-Partenkirchen Route Add-On,36.99,01/03/26-05:13:12
1560931,Train Simulator: Midland Main Line: Leicester - Derby & Nottingham Route Add-On,75.49,01/03/26-05:13:13
1364030,TS Marketplace: CSX Hanover Subdivision Scenario Pack 01,20.69,01/03/26-05:13:14
1211477,TS Marketplace: South London Network Scenario Pack 01,20.69,01/03/26-05:13:15
1429755,Train Simulator: Cornish Main Line: Plymouth – Penzance Route Add-On,65.99,01/03/26-05:13:16
1364038,Train Simulator: Union Pacific Gas Turbine-Electric Loco Add-On,37.99,01/03/26-05:13:17
678002,Train Simulator: Amtrak E8 Loco Add-On,37.99,01/03/26-05:13:18
448199,Train Simulator: ÖBB 4020 EMU Add-On,29.99,01/03/26-05:13:19
376953,Train Simulator: Western Pacific FP7 ‘California Zephyr’ Loco Add-On,36.99,01/03/26-05:13:20
376950,Train Simulator: BR Blue Diesel Electric Pack Loco Add-On,25.99,01/03/26-05:13:21
1107814,Train Simulator: Valley Corridor Route Add-On,57.99,01/03/26-05:13:22
376931,Train Simulator: Amtrak® Dash 8-32BWH Loco Add-On,34.99,01/03/26-05:13:23
325988,Train Simulator: Hamburg-Lübeck Railway Route Add-On,36.99,01/03/26-05:13:23
1098162,Train Simulator: Canadian National SD70 Loco Add-On,37.99,01/03/26-05:13:24
325987,Train Simulator: DB BR 474.3 EMU Add-On,25.99,01/03/26-05:13:25
277761,Train Simulator: West Highland Line (South) Route Add-On,69.99,01/03/26-05:13:26
325979,Train Simulator: BR Class 24 Loco Add-On,34.99,01/03/26-05:13:27
325977,Train Simulator: BR Blue Pack Loco Add-On,34.99,01/03/26-05:13:28
376970,Train Simulator: Wherry Lines: Norwich – Great Yarmouth & Lowestoft Route Add-On,69.99,01/03/26-05:13:29
325973,Train Simulator: DB Schenker Class 59/2 Loco Add-On,34.99,01/03/26-05:13:30
2662480,Train Simulator: ÖBB 8633,59.99,01/03/26-05:13:31
222609,Train Simulator: San Diego Commuter Rail F59PHI Loco Add-On,25.99,01/03/26-05:13:32
1515060,Train Simulator: Trainload BR Class 60 Loco Add-On,37.99,01/03/26-05:13:33
1429758,TS Marketplace: CSX Scenario Pack 01,20.69,01/03/26-05:13:34
1364034,Train Simulator: Canadian Pacific AC4400CW Loco Add-On,65.99,01/03/26-05:13:35
1147152,TS Marketplace: Surselva Line Christmas Scenario Pack,10.89,01/03/26-05:13:36
277778,Train Simulator: BR Class 105 DMU Add-On,34.99,01/03/26-05:13:37
277773,Train Simulator: Gatwick Express Class 442 'Wessex' EMU Add-On,34.99,01/03/26-05:13:38
277771,Train Simulator: LNER Peppercorn Class A2 'Blue Peter' Loco Add-On,34.99,01/03/26-05:13:39
277755,Train Simulator: DB BR 605 ICE TD Add-On,34.99,01/03/26-05:13:40
277747,Train Simulator: Los Angeles Commuter Rail F59PH Loco Add-On,25.99,01/03/26-05:13:41
222630,Train Simulator: BR Class 14 Loco Add-On,25.99,01/03/26-05:13:42
222628,Train Simulator: BR Class 20 Loco Add-On,34.99,01/03/26-05:13:43
222633,Train Simulator: Network SouthEast Class 159 DMU Add-On,34.99,01/03/26-05:13:44
222618,Train Simulator: East Coast Main Line London-Peterborough Route Add-On,36.99,01/03/26-05:13:45
222616,Train Simulator: WSR Diesels Loco Add-On,34.99,01/03/26-05:13:46
258663,Train Simulator: London Overground Class 378 'Capitalstar' EMU Add-On,34.99,01/03/26-05:13:47
258661,Train Simulator: BR Class 27 Loco Add-On,25.99,01/03/26-05:13:48
2288620,Train Simulator: Rio Grande Southern: Placerville - Rico & Telluride Route Add-On,107.99,01/03/26-05:13:49
258659,Train Simulator: BR Class 73 'Gatwick Express' Loco Add-On,34.99,01/03/26-05:13:50
258658,Train Simulator: NJ TRANSIT® ALP-46 Loco Add-On,34.99,01/03/26-05:13:51
258656,Train Simulator: DB BR 442 'Talent 2' EMU Add-On,34.99,01/03/26-05:13:51
980546,Train Simulator: UPRR Idaho & Omaha Steam Loco Add-On,37.99,01/03/26-05:13:52
258642,Train Simulator: New Haven FL9 Loco Add-On,34.99,01/03/26-05:13:53
208288,Train Simulator: Munich-Augsburg Route Add-On,36.99,01/03/26-05:13:54
208362,Train Simulator: Union Pacific SD70Ace Loco Add-On,34.99,01/03/26-05:13:55
208354,Train Simulator: Norfolk Southern SD40-2 High Nose Loco Add-On,25.99,01/03/26-05:13:56
208355,Train Simulator: CN SD40-2 Wide Nose Loco Add-On,25.99,01/03/26-05:13:57
24083,Train Simulator: West Coast Main Line North Route Add-On,25.99,01/03/26-05:13:58
24021,Train Simulator: Isle of Wight Route Add-On,25.99,01/03/26-05:13:59
834401,Train Simulator: Amtrak SDP40F Loco Add-On,37.99,01/03/26-05:14:00
980542,Train Simulator: PRR DR6-4-2000 & Broadway Limited Loco Add-On,37.99,01/03/26-05:14:01
1147158,Train Simulator: Battle For Sherman Hill Add-On,47.49,01/03/26-05:14:02
1211476,Train Simulator: InterCity BR Class 89 ‘Badger’ Loco Add-On,37.99,01/03/26-05:14:03
1230275,Train Simulator: LNER BR Class 43 ‘High Speed Train’ Remastered Loco Add-On,37.99,01/03/26-05:14:04
621920,Train Simulator: Western Hydraulics Pack Add-On,36.99,01/03/26-05:14:05
1364032,Train Simulator: Merchant Navy Class 35028 ‘Clan Line’ Steam Loco Add-On,37.99,01/03/26-05:14:06
277769,Train Simulator: CSX AC6000CW Loco Add-On,34.99,01/03/26-05:14:07
1055331,Train Simulator: Chengkun Railway: Hanyuan – Puxiong Route Add-On,75.49,01/03/26-05:14:08
1364035,Train Simulator: Marsdonshire Route Add-On,65.99,01/03/26-05:14:09
1109206,Train Simulator: Union Pacific SD9043MAC Loco Add-On,37.99,01/03/26-05:14:10
24070,Train Simulator: Fowler 4F Loco Add-On,17.99,01/03/26-05:14:11
1267506,Train Simulator: Norfolk Southern GP33 ECO Loco Add-On,37.99,01/03/26-05:14:12
1267505,Train Simulator: Norfolk Southern GP50HH Loco Add-On,37.99,01/03/26-05:14:13
222586,Train Simulator: BR Class 87 Loco Add-On,14.99,01/03/26-05:14:14
208379,Train Simulator: Class 86 Loco Add-On,25.99,01/03/26-05:14:15
1515061,Train Simulator: GWR 4200/5205/7200 2-8-0T Pack,37.99,01/03/26-05:14:15
678004,Train Simulator: East Coast Main Line Modern: York - Peterborough Route Add-On,75.49,01/03/26-05:14:16
65216,Train Simulator: Edinburgh-Glasgow Route Add-On,36.99,01/03/26-05:14:17
277736,Train Simulator: BR Regional Railways Class 101 DMU Add-On,14.99,01/03/26-05:14:18
65244,Train Simulator: Woodhead Route Add-On,25.99,01/03/26-05:14:19
208296,Train Simulator: Amtrak F40PH ‘California Zephyr’ Loco Add-On,17.99,01/03/26-05:14:20
208302,Train Simulator: Somerset & Dorset Railway Route Add-On,17.99,01/03/26-05:14:21
208298,Train Simulator: BR Class 33 Loco Add-On,17.99,01/03/26-05:14:22
208303,Train Simulator: East Coast Main Line Route Add-On,17.99,01/03/26-05:14:23
65247,Train Simulator: PRR K4 Loco Add-On,17.99,01/03/26-05:14:24
65250,Train Simulator: BR Class 76 & 77 Loco Add-On,17.99,01/03/26-05:14:25
208287,Train Simulator: Southern Class 421 ‘4CIG’ EMU Add-On,17.99,01/03/26-05:14:26
65228,Train Simulator: BR Class 421 '4CIG' Loco,17.99,01/03/26-05:14:27
208301,Train Simulator: Great Western Main Line Route Add-On,17.99,01/03/26-05:14:28
208363,Train Simulator: LNER Class A3 ‘Flying Scotsman’ Loco Add-On,14.99,01/03/26-05:14:29
208351,Train Simulator: LNER/BR Class A1 ‘Tornado’ Loco Add-On,17.99,01/03/26-05:14:30
208289,Train Simulator: Thompson Class B1 Loco Add-On,17.99,01/03/26-05:14:31
222564,Train Simulator: Strathclyde Class 101 DMU Add-On,14.99,01/03/26-05:14:32
222562,Train Simulator: Freightliner Class 66 v2.0 Loco Add-On,17.99,01/03/26-05:14:33
208346,Train Simulator: Class 158 DMU Add-On,17.99,01/03/26-05:14:34
208366,Train Simulator: Class 111 DMU Add-On,17.99,01/03/26-05:14:35
222583,Train Simulator: BR Class 31 Loco Add-On,34.99,01/03/26-05:14:36
1230278,Train Simulator: London Underground S7+1 EMU Add-On,57.99,01/03/26-05:14:37
24065,Train Simulator: Glasgow Airport Rail Link Route Add-On,32.99,01/03/26-05:14:38
258646,Train Simulator: Network SouthEast Class 121 DMU Add-On,34.99,01/03/26-05:14:39
980545,TS Marketplace: ECML Peterborough York Modern Scenario Pack 01,20.69,01/03/26-05:14:40
1147157,Train Simulator: London Underground S8 EMU Add-On,57.99,01/03/26-05:14:41
1211473,Train Simulator: Im Köblitzer Bergland Route Add-On,75.49,01/03/26-05:14:42
896766,TS Marketplace: Baltimore & Ohio RF-16 Livery Pack,10.89,01/03/26-05:14:43
1211474,Train Simulator: Konstanz - Villingen Route Extension: Villingen - Hausach Add-On,36.99,01/03/26-05:14:44
896767,TS Marketplace: Seaboard SD50 Livery Pack,10.89,01/03/26-05:14:45
1230272,TS Marketplace: Metro-North Scenario Pack 01,20.69,01/03/26-05:14:46
980549,TS Marketplace: Hudson Line Scenario Pack 01,20.69,01/03/26-05:16:17
774758,Train Simulator: GP40-2 Loco Pack Add-On,37.99,01/03/26-05:16:18
1211475,Train Simulator: NJ TRANSIT® U34CH Loco Add-On,37.99,01/03/26-05:16:19
834406,TS Marketplace: Weardale & Teesdale Scenario Pack 01,20.69,01/03/26-05:16:20
1211472,TS Marketplace: Granger Heartland Scenario Pack 01,20.69,01/03/26-05:16:20
980543,Train Simulator: Münster - Bremen Route Add-On,75.49,01/03/26-05:16:21
222584,Train Simulator: Class A4 Pacifics Loco Add-On,47.49,01/03/26-05:16:22
1109202,Train Simulator: ÖBB 5047 DMU Add-On,37.99,01/03/26-05:16:23
820200,Train Simulator: Rhine Valley: Freiburg - Basel Route Add-On,75.49,01/03/26-05:16:24
967282,Train Simulator: Promontory Summit Route Add-On,47.49,01/03/26-05:16:25
1055332,Train Simulator: Norfolk Southern GP60 Loco Add-On,37.99,01/03/26-05:16:26
222587,Train Simulator: DB BR232 Loco Add-On,34.99,01/03/26-05:16:27
325991,Train Simulator: NJ TRANSIT® GP40PH-2B Loco Add-On,34.99,01/03/26-05:16:28
325968,Train Simulator: NJ TRANSIT® F40PH -2CAT Loco Add-On,34.99,01/03/26-05:16:29
325970,Train Simulator: North Jersey Coast Line Route Add-On,36.99,01/03/26-05:16:30
277764,Train Simulator: Amtrak P30CH Loco Add-On,34.99,01/03/26-05:16:31
222601,Train Simulator: MRCE ER20 Eurorunner Loco Add-On,34.99,01/03/26-05:16:32
258645,Train Simulator: Dispolok BR 189 Loco Add-On,34.99,01/03/26-05:16:33
448184,Train Simulator: BR Class 150/1 DMU Add-On,21.99,01/03/26-05:16:34
222541,Train Simulator: First Capital Connect Class 377 EMU Add-On,34.99,01/03/26-05:16:35
376960,Train Simulator: DB BR 112.1 Loco Add-On,36.99,01/03/26-05:16:36
277741,Train Simulator: DB BR 103 TEE Loco Add-On,34.99,01/03/26-05:16:37
222598,Train Simulator: DB BR111 Loco Add-On,34.99,01/03/26-05:16:38
448194,Train Simulator: DB BR 101 Loco Add-On,36.99,01/03/26-05:16:39
376965,Train Simulator: CSX C30-7 Loco Add-On,36.99,01/03/26-05:16:40
621921,Train Simulator: Norfolk Southern C39-8 Loco Add-On,37.99,01/03/26-05:16:41
1109203,Train Simulator: East Midlands BR Class 222 DEMU Add-On,57.99,01/03/26-05:16:42
642806,Train Simulator: LNER Raven Q6 Steam Loco Add-On,37.99,01/03/26-05:16:43
325969,Train Simulator: LNER Peppercorn Class K1 Loco Add-On,34.99,01/03/26-05:16:44
222549,Train Simulator: AT&N Consolidation Class 280-157 Loco Add-On,34.99,01/03/26-05:16:45
222575,Train Simulator: LMS Class 3F ‘Jinty’ Loco Add-On,34.99,01/03/26-05:16:45
448186,Train Simulator: LNWR G2 Super D Steam Loco Add-On,45.99,01/03/26-05:16:46
222554,Train Simulator: Western Lines of Scotland Route Add-On,69.99,01/03/26-05:16:47
376969,Train Simulator: DB BR 18 Steam Loco Add-On,36.99,01/03/26-05:16:48
277774,Train Simulator: PRR RF-16 'Sharknose' Loco Add-On,34.99,01/03/26-05:16:49
500248,Train Simulator: Aerotrain Streamlined Train Add-On,36.99,01/03/26-05:16:50
500244,Train Simulator: Network Southeast Class 205 ‘Thumper’ DEMU Add-On,36.99,01/03/26-05:16:51
277732,Train Simulator: Norfolk Southern Dash8-40C Loco Add-On,34.99,01/03/26-05:16:52
277733,Train Simulator: CSX SD80MAC Loco Add-On,34.99,01/03/26-05:16:53
258671,Train Simulator: BR 266 Loco Add-On,34.99,01/03/26-05:16:54
277730,Train Simulator: DB BR 218 Loco Add-On,26.49,01/03/26-05:16:55
258647,Train Simulator: Metro-North Kawasaki M8 EMU Add-On,34.99,01/03/26-05:16:56
834408,TS Marketplace: Alaska Railroad Scenario Pack 01,20.69,01/03/26-05:16:57
967288,Train Simulator: ÖBB 1142 Loco Add-On,37.99,01/03/26-05:16:58
896762,TS Marketplace: 1800s Rolling Stock Pack 02 Add-On,14.49,01/03/26-05:16:59
896761,TS Marketplace: 1800s Rolling Stock Pack 01 Add-On,14.49,01/03/26-05:17:00
896760,TS Marketplace: ÖBB 1144 Livery Pack Add-On,10.89,01/03/26-05:17:01
967281,Train Simulator: Norfolk Southern SD60E Loco Add-On,37.99,01/03/26-05:17:02
1098160,TS Marketplace: Norfolk Southern N-Line Scenario Pack 01,20.69,01/03/26-05:17:03
1098165,Train Simulator: Union Pacific GP40X Loco Add-On,37.99,01/03/26-05:17:04
834402,Train Simulator: DR BR 44 Loco Add-On,37.99,01/03/26-05:17:05
774756,Train Simulator: DB BR 181.2 Loco Add-on,37.99,01/03/26-05:17:06
861888,Train Simulator: GWR Pannier Tank Pack Add-On,37.99,01/03/26-05:17:07
448188,Train Simulator: London Overground BR Class 313 EMU Add-On,36.99,01/03/26-05:17:08
1012081,Train Simulator: East Midlands Coal: Sherwood - High Marnham Route Add-On,75.49,01/03/26-05:17:08
1055334,TS Marketplace: Springfield Line Scenario Pack 01,20.69,01/03/26-05:17:09
1012080,Train Simulator: LMS Stanier Class 8F Steam Loco Add-On,37.99,01/03/26-05:17:10
1055336,Train Simulator: ÖBB 4744 ‘Cityjet’ EMU Add-On,37.99,01/03/26-05:17:11
1055335,Train Simulator: DB BR 425 EMU Add-On,37.99,01/03/26-05:17:12
208306,Train Simulator: US Loco & Asset Pack,31.99,01/03/26-05:17:13
208300,Train Simulator: European Loco & Asset Pack,34.99,01/03/26-05:17:14
861885,Train Simulator: ÖBB 1144 & CityShuttle Wiesel Loco Add-On,37.99,01/03/26-05:17:15
1098167,Train Simulator: PRR FA-1 & FA-2 Loco Add-On,37.99,01/03/26-05:17:16
621922,Train Simulator: Konstanz-Villingen Route Add-On,75.49,01/03/26-05:17:17
500211,Train Simulator: North London & Goblin Lines Add-On,47.49,01/03/26-05:17:18
376979,Train Simulator: Sacramento Northern: Suisun Bay – San Francisco Route Add-On,69.99,01/03/26-05:17:19
222585,Train Simulator: Berlin-Wittenberg Route Add-On,36.99,01/03/26-05:17:20
562399,Train Simulator: LMS Stanier Class 5 'Black Five' Steam Loco Add-On,37.99,01/03/26-05:17:21
325962,Train Simulator: Three Country Corner Route Add-On,55.99,01/03/26-05:17:22
562372,Train Simulator: Mighty Seddin Freight Route Add-On,36.99,01/03/26-05:17:23
376944,Train Simulator: The Alaska Railroad: Anchorage - Seward Route Add-On,75.49,01/03/26-05:17:24
376935,Train Simulator: Outeniqua Choo Tjoe Route Add-On,55.99,01/03/26-05:17:25
678005,Train Simulator: Union Pacific No. 119 Steam Loco Add-On,47.49,01/03/26-05:17:26
376932,Train Simulator: Feather River Canyon Route Add-On,47.49,01/03/26-05:17:27
1055338,Train Simulator: Montana Hi-Line: Shelby - Havre Route Add-On,75.49,01/03/26-05:17:28
325992,Train Simulator: Springfield Line: Springfield – New Haven Route Add-On,72.99,01/03/26-05:17:29
834404,Train Simulator: LMS 5XP Jubilee Class Steam Loco Add-On,37.99,01/03/26-05:17:30
861880,Train Simulator: CPRR 4-6-0 Buffalo Steam Loco Add-On,37.99,01/03/26-05:17:31
208307,Train Simulator: Cajon Pass Route Add-On,17.99,01/03/26-05:17:32
208319,Train Simulator: Union Pacific SD45 Loco Add-On,13.99,01/03/26-05:17:33
222551,Train Simulator: Southern Pacific SD45 Loco Add-On,14.99,01/03/26-05:17:33
208341,Train Simulator: PRR GE 44 Loco Add-On,13.99,01/03/26-05:17:34
222555,Train Simulator: Norfolk Southern SD45 High Hoods Loco Add-On,13.99,01/03/26-05:17:35
208378,Train Simulator: BR Class 31 Freight Loco Add-On,17.99,01/03/26-05:17:36
222550,Train Simulator: Southern Pacific GE 44 Loco Add-On,13.99,01/03/26-05:17:37
222548,Train Simulator: Boston & Maine GE 44 Loco Add-On,13.99,01/03/26-05:17:38
65242,Train Simulator: PRR GG1 Loco Add-On,17.99,01/03/26-05:17:39
774755,TS Marketplace: Amtrak E8 Scenario Pack 01 Add-On,20.69,01/03/26-05:17:40
562373,Train Simulator: Gatwick Express BR Class 460 'Juniper' EMU Add-On,37.99,01/03/26-05:17:41
704285,Train Simulator: GWR 1000 Class 'County Class' Steam Loco Add-On,37.99,01/03/26-05:17:42
562385,TS Marketplace: Munich-Augsburg Scenario Pack 01,20.69,01/03/26-05:17:43
704282,Train Simulator: ÖBB 1014 Loco Add-On,37.99,01/03/26-05:17:44
376971,Train Simulator: Western Pacific GP35 Add-On,36.99,01/03/26-05:17:45
677940,Train Simulator: Union Pacific U50 Loco Add-On,37.99,01/03/26-05:17:46
562384,TS Marketplace: Miami – West Palm Beach Scenario Pack 01 Add-On,19.99,01/03/26-05:17:47
208376,Train Simulator: Class 325 EMU Add-On,34.99,01/03/26-05:17:48
222580,Train Simulator: DB BR423 EMU Add-On,34.99,01/03/26-05:17:49
678000,TS Marketplace: Feather River Canyon Scenario Pack 02,20.69,01/03/26-05:17:50
65246,Train Simulator: Cologne-Dusseldorf Route Add-On,36.99,01/03/26-05:17:51
222566,Train Simulator: Freightliner Class 57/0 Loco Add-On,14.99,01/03/26-05:17:52
1107811,Train Simulator: Livonia Division: Monroe - Subdivision Route Add-On,75.49,01/03/26-05:17:53
65243,Train Simulator: Ohio Steel 2 Route Add-On,45.99,01/03/26-05:17:54
325955,Train Simulator: D&RGW SD50 Loco Add-On,34.99,01/03/26-05:17:55
642805,TS Marketplace: Horseshoe Curve Scenario Pack 01 Add-On,20.69,01/03/26-05:17:56
65224,Train Simulator: Bristol-Exeter Route Add-On,49.99,01/03/26-05:17:57
222589,Train Simulator: SD40-2 Independence Loco Add-On,34.99,01/03/26-05:17:58
325993,Train Simulator: North Somerset Railway Route Add-On,25.99,01/03/26-05:17:59
376959,Train Simulator: Corris Railway Route Add-On,25.99,01/03/26-05:18:00
325956,Train Simulator: Return to Maerdy Loco Add-On,39.99,01/03/26-05:18:00
325953,Train Simulator: China Clay for Export Route Add-On,39.99,01/03/26-05:18:01
258648,Train Simulator: The Racetrack: Aurora - Chicago Route Add-On,69.99,01/03/26-05:18:02
24095,Train Simulator: Doncaster Works Route Add-On,17.99,01/03/26-05:18:03
834403,Train Simulator: GEML BR Class 315 EMU Add-On,37.99,01/03/26-05:18:04
376942,Train Simulator: USATC S160 Loco Add-On,45.99,01/03/26-05:18:05
277753,Train Simulator: GWR Small Prairies Loco Add-On,47.99,01/03/26-05:18:06
376963,Train Simulator: GWR Saint Class & Travelling Post Office Loco Add-On,36.99,01/03/26-05:18:07
277745,Train Simulator: GWR Class 14XX Loco Add-On,34.99,01/03/26-05:18:08
222594,Train Simulator: Powerhaul Class 66 V2.0 Loco Add-On,34.99,01/03/26-05:18:09
623267,TS Marketplace: GWR Large Prairies Lined Liveries Add-on,10.89,01/03/26-05:18:10
623266,TS Marketplace: Chessie Systems GP30 Livery Add-On,10.89,01/03/26-05:18:11
562398,Train Simulator: GWR Large Prairies Steam Loco Add-On,37.99,01/03/26-05:18:12
222625,Train Simulator: InterCity Class 91 Loco Add-On,34.99,01/03/26-05:18:13
621923,Train Simulator: Southern Pacific SD45T-2 Loco Add-On,37.99,01/03/26-05:18:14
562390,Train Simulator: DB BR 151 Loco Add-On,37.99,01/03/26-05:18:15
325952,Train Simulator: DB BR 261 'Voith Gravita' Loco Add-On,34.99,01/03/26-05:18:16
258657,Train Simulator: BR Castle Class Loco Add-On,34.99,01/03/26-05:18:17
208343,Train Simulator: Class 390 EMU Add-On,17.99,01/03/26-05:18:18
621924,Train Simulator: BR Class 419 MLV BEMU Add-On,36.99,01/03/26-05:18:19
500212,Train Simulator: BR Class 402 '2-HAL' EMU Add-On,37.99,01/03/26-05:18:20
562376,Train Simulator: Malmesbury Branch Route Add-On,23.99,01/03/26-05:18:21
562370,TS Marketplace: Chatham Main Line Scenario Pack 01 Add-On,20.69,01/03/26-05:18:22
562397,TS Marketplace: Mittenwaldbahn Scenario Pack 01 Add-On,20.69,01/03/26-05:18:23
376977,Train Simulator: AT&SF SD45-2 Loco Add-On,36.99,01/03/26-05:18:24
562382,Train Simulator: Stroudley A1/A1X Class 'Terrier' Steam Loco Add-On,36.99,01/03/26-05:18:25
448198,Train Simulator: B&O Kingwood Branch: Tunnelton - Kingwood Route Add-On,69.99,01/03/26-05:18:25
562379,Train Simulator: CPRR 4-4-0 No. 60 ‘Jupiter’ Steam Loco Add-On,45.99,01/03/26-05:18:26
562375,Train Simulator: London Transport Heritage Collection,36.99,01/03/26-05:18:27
500241,Train Simulator: BR Standard Class 6 ‘Clan Class’ Steam Loco Add-On,36.99,01/03/26-05:18:28
448191,Train Simulator: Southern Railway S15 Class Steam Loco Add-On,36.99,01/03/26-05:18:29
500247,Train Simulator: NJ TRANSIT® Arrow III EMU Add-On,36.99,01/03/26-05:18:30
277758,Train Simulator: MRCE BR 185.5 Loco Add-On,34.99,01/03/26-05:18:31
562380,Train Simulator: Corris Railway Expansion Pack Loco Add-On,22.79,01/03/26-05:18:32
376972,Train Simulator: Clear Creek Log & Lumber Expansion Pack Add-On,36.99,01/03/26-05:18:33
376976,Train Simulator: DB BR 10 Steam Loco Add-On,36.99,01/03/26-05:18:34
277765,Train Simulator: Network SouthEast Class 415 '4EPB' EMU Add-On,34.99,01/03/26-05:18:35
376958,Train Simulator: Chessie System U30C Loco Add-On,45.99,01/03/26-05:18:36
376952,Train Simulator: GWR Star Loco Add-On,34.99,01/03/26-05:18:37
376930,Train Simulator: ScotRail Class 68 Loco Add-on,36.99,01/03/26-05:18:38
376949,Train Simulator: ÖBB 1044 Loco Add-On,34.99,01/03/26-05:18:39
376934,Train Simulator: Union Pacific DD35 Add-On,34.99,01/03/26-05:18:40
65217,Train Simulator: Class 156 Loco Add-On,34.99,01/03/26-05:20:11
325961,Train Simulator: BR Class 58 Loco Add-On,34.99,01/03/26-05:20:12
325964,Train Simulator: Norfolk Southern Big 7s Loco Add-On,34.99,01/03/26-05:20:13
325972,Train Simulator: DR BR 24 Loco Add-On,34.99,01/03/26-05:20:14
325963,Train Simulator: Southern Class 455/8 EMU Add-On,34.99,01/03/26-05:20:15
277749,Train Simulator: BR Class 07 Loco Add-On,34.99,01/03/26-05:20:16
277763,Train Simulator: Grand Central Class 180 'Adelante' DMU Add-On,34.99,01/03/26-05:20:17
277759,Train Simulator: Union Pacific GP30 Loco Add-On,34.99,01/03/26-05:20:18
277754,The Game of Gnomes,13.99,01/03/26-05:20:19
222631,Train Simulator: BR 9F Loco Add-On,34.99,01/03/26-05:20:20
277740,Train Simulator: Union Pacific FEF-3 Loco Add-On,34.99,01/03/26-05:20:21
222621,The Holiday Express,13.99,01/03/26-05:20:21
222634,Train Simulator: Union Pacific GP50 Loco Add-On,34.99,01/03/26-05:20:22
258677,Train Simulator: BR Class 35 Loco Add-On,34.99,01/03/26-05:20:23
258674,Train Simulator: N15 King Arthur Class ‘Sir Lamiel’ Loco Add-On,34.99,01/03/26-05:20:24
325951,Train Simulator: D&RGW SD9 Loco Add-On,34.99,01/03/26-05:20:25
222619,Train Simulator: Union Pacific DDA40X Centennial Loco Add-On,34.99,01/03/26-05:20:26
325989,"Train Simulator: LMS Coronation Class ""Duchess of Hamilton"" Loco Add-On",34.99,01/03/26-05:20:27
65252,Train Simulator: Freightliner Class 70 Loco Add-On,17.99,01/03/26-05:20:28
258641,Train Simulator: BR 6MT Clan Class Loco Add-On,25.99,01/03/26-05:20:29
258668,Train Simulator: BR Class 303 EMU Add-On,25.99,01/03/26-05:20:30
325994,Train Simulator: DB BR 361 Loco Add-On,34.99,01/03/26-05:20:31
208348,Train Simulator: NKP S-2 Class 'Berkshire' Loco Add-On,34.99,01/03/26-05:20:32
376967,TS Marketplace: New York – New Haven Scenario Pack 01 Add-On,19.99,01/03/26-05:20:33
376964,TS Marketplace: North Jersey Coast Line Scenario Pack 01 Add-On,19.99,01/03/26-05:20:34
376957,TS Marketplace: Feather River Canyon Scenario Pack 01,19.99,01/03/26-05:20:35
277762,Train Simulator: CSX NRE 3GS-21B 'Genset' Loco Add-On,34.99,01/03/26-05:20:36
222623,Train Simulator: First Capital Connect Class 321 EMU Add-On,34.99,01/03/26-05:20:37
222543,Train Simulator: Norfolk Southern Heritage SD70ACes Loco Add-On,34.99,01/03/26-05:20:38
222547,Train Simulator: BR Class 422 ‘4BIG’ EMU Add-On,34.99,01/03/26-05:20:39
896764,TS Marketplace: Norfolk Southern SD60E Livery Pack 01,10.89,01/03/26-05:20:40
325950,Train Simulator: BR GT3 Turbine Loco Add-On,34.99,01/03/26-05:20:41
208281,Train Simulator: DB BR143 Loco Add-On,34.99,01/03/26-05:20:42
65249,Train Simulator: DB Freight: 1970s Loco Add-On,25.99,01/03/26-05:20:43
208342,Train Simulator: UP GE 44 Loco Add-On,13.99,01/03/26-05:20:44
65254,Train Simulator: E18 Loco Add-On,25.99,01/03/26-05:20:45
222622,Train Simulator: KwaZulu-Natal Corridor: Pietermaritzburg-Ladysmith Add-On,69.99,01/03/26-05:20:46
1012101,Train Simulator: Worcester - Mossel Bay Railway Route Add-On,57.99,01/03/26-05:20:47
258678,Train Simulator: Bulleid Q1 Class Loco Add-On,34.99,01/03/26-05:20:48
222636,Train Simulator: BR Sectors Class 56 Loco Add-On,34.99,01/03/26-05:20:49
222556,Train Simulator: BR Standard Class 2MT Loco Add-On,34.99,01/03/26-05:20:50
208293,Train Simulator: LNER/BR Class J94 Loco Add-On,8.49,01/03/26-05:20:51
222574,Train Simulator: PRR Alco RS11 Loco Add-On,34.99,01/03/26-05:20:52
208370,Train Simulator: GWR 56XX Loco Add-On,34.99,01/03/26-05:20:53
222612,Train Simulator: BR/LNER Class J50 Loco Add-On,34.99,01/03/26-05:20:54
222597,Train Simulator: GEML Class 90 Loco Add-On,20.69,01/03/26-05:20:55
222599,Train Simulator: DB BR420 EMU Add-On,45.99,01/03/26-05:20:56
222596,Train Simulator: Union Pacific Heritage SD70ACes Loco Add-On,34.99,01/03/26-05:20:57
222595,Train Simulator: BR DP1 Deltic Loco Add-On,34.99,01/03/26-05:20:58
208375,Train Simulator: BR Class 50 Loco Add-On,14.99,01/03/26-05:20:59
222568,Train Simulator: EWS Class 66 v2.0 Loco Add-On,34.99,01/03/26-05:23:00
208352,Train Simulator: Southern Pacific GS-4 Loco Add-On,34.99,01/03/26-05:23:01
208295,Train Simulator: Class 57 Rail Tour Loco Add-On,34.99,01/03/26-05:23:02
208294,Train Simulator: Class J94 ‘Memories of Maerdy’ Loco Add-On,45.99,01/03/26-05:23:03
65259,Train Simulator: BNSF SD75 Loco Add-On,14.99,01/03/26-05:23:04
24055,Train Simulator: Fort Kent to Eagle Lake Route Add-On,34.99,01/03/26-05:23:05
65229,Train Simulator: Class 455 EMU Add-On,34.99,01/03/26-05:23:06
24028,Train Simulator: Rascal & Cottonwood Route Add-On,44.99,01/03/26-05:23:07
24029,Train Simulator: Colton & Northern Route Add-On,44.99,01/03/26-05:23:08
222591,Train Simulator: Metronom ME 146 Loco Add-On,34.99,01/03/26-05:23:09
24082,Train Simulator: Green & Gold HST DMU Add-On,8.99,01/03/26-05:23:10
208356,Train Simulator: BNSF Dash 9 Loco Add-On,17.99,01/03/26-05:23:11
208353,Train Simulator: ScotRail Class 380 EMU Add-On,29.99,01/03/26-05:23:12
258650,Train Simulator: GWR Steam Railmotor Loco Add-On,34.99,01/03/26-05:23:13
513110,Train Simulator: GWR Nunney Castle Steam Loco Add-On,21.99,01/03/26-05:23:14
277735,Train Simulator: Class 2F Dock Tank Loco Add-On,34.99,01/03/26-05:23:15
623261,TS Marketplace: Baltimore and Ohio GP30 Liveries Add-On,10.89,01/03/26-05:23:15
1147159,TS Marketplace: Montana Hi-Line Scenario Pack 01 Add-On,20.69,01/03/26-05:23:16
275134,TS Marketplace: Class 465 Southeastern Livery Pack Add-On,10.49,01/03/26-05:23:17
275138,BNSF Wagon Pack Add-On,9.99,01/03/26-05:23:18
275139,Great Northern Wagon Pack Add-On,9.0,01/03/26-05:23:19
295203,TS Marketplace: Collet Coaches Pack 02,10.49,01/03/26-05:23:20
295204,TS Marketplace: Gresley Coach Pack 01,9.99,01/03/26-05:23:21
295205,TS Marketplace: Gresley Coach Pack 02,9.99,01/03/26-05:23:22
295206,TS Marketplace: Gresley Coach Pack 03,9.99,01/03/26-05:23:23
295207,TS Marketplace: EWS Class 58 Add-On Livery,10.49,01/03/26-05:23:24
295208,TS Marketplace: Bulleid Coach Pack 01 Add-On,10.49,01/03/26-05:23:25
295209,TS Marketplace: Bulleid Coach Pack 02 Add-On,10.49,01/03/26-05:23:26
325983,Train Simulator: The Pump Car Add-On,0.0,01/03/26-05:23:27
376968,TS Marketplace: CSX SD50 Livery Add-On,10.89,01/03/26-05:23:28
448182,TS Marketplace: Donner Pass Scenario Pack 01 Add-On,19.99,01/03/26-05:23:29
448183,TS Marketplace: Three Country Corner Scenario Pack 01 Add-On,19.99,01/03/26-05:23:30
448200,TS Marketplace: Bulleid Coach Pack 03 Add-On,10.49,01/03/26-05:23:31
448201,TS Marketplace: BR Hawksworth Coach Pack 01 Add-On,10.49,01/03/26-05:23:32
448202,TS Marketplace: BR Hawksworth Coach Pack 02 Add-On,10.49,01/03/26-05:23:33
448203,TS Marketplace: BR Saint & TPO Livery Pack Add-On,10.49,01/03/26-05:23:34
448204,TS Marketplace: ÖBB Rnoos Wagon Pack Add-On,10.49,01/03/26-05:23:35
448205,TS Marketplace: Thompson Suburban Coaches Pack 01 Add-On,10.49,01/03/26-05:23:36
448206,TS Marketplace: Thompson Suburban Coaches Pack 02 Add-On,10.49,01/03/26-05:23:37
448207,TS Marketplace: GWR Toplight Coaches Pack 01,10.49,01/03/26-05:23:37
448208,TS Marketplace: GWR Toplight Coaches Pack 02,10.49,01/03/26-05:23:38
448209,TS Marketplace: LMS P3 Coaches Pack 03 Add-On,10.49,01/03/26-05:23:40
500216,TS Marketplace: Köln Koblenz Scenario Pack 01 Add-On,19.99,01/03/26-05:23:41
500240,TS Marketplace: Munich to Garmisch Scenario Pack 01 Add-On,19.99,01/03/26-05:23:42
500242,TS Marketplace: New York – New Haven Scenario Pack 02 Add-On,19.99,01/03/26-05:23:43
512310,TS Marketplace: LMS P3 Coaches Pack 04 Add-On,10.49,01/03/26-05:23:43
512311,TS Marketplace: BR Porthole Coach Pack 01 Add-On,10.49,01/03/26-05:23:44
512312,TS Marketplace: BR Porthole Coach Pack 02 Add-On,10.49,01/03/26-05:23:45
512313,TS Marketplace: ÖBB Sgns Container Wagon Pack,10.49,01/03/26-05:23:46
512314,TS Marketplace: DB Sgns Container Wagon Pack,10.49,01/03/26-05:23:47
512315,TS Marketplace: Gresley Coach Pack 04 Add-On,10.49,01/03/26-05:23:48
513090,TS Marketplace: Barnum Coaches Pack 01 Add-On,10.49,01/03/26-05:23:49
513091,TS Marketplace: ÖBB Sgns Hopper Pack,10.49,01/03/26-05:23:50
513092,TS Marketplace: DB Sgns Hopper Pack,10.49,01/03/26-05:23:51
513093,TS Marketplace: British Railways Class A2 Livery Pack Add-On,10.49,01/03/26-05:23:52
513094,TS Marketplace: Network Southeast BR Class 313 Livery Pack,10.49,01/03/26-05:23:53
513095,TS Marketplace: DRG BR 86 Grey Livery Pack Add-On,10.49,01/03/26-05:23:54
513096,TS Marketplace: GWR High Waist Collett Coaches Pack 01 Add-On,10.49,01/03/26-05:23:55
513097,TS Marketplace: GWR High Waist Collett Coaches Pack 02 Add-On,10.49,01/03/26-05:23:56
513098,TS Marketplace: GWR High Waist Collett Coaches Pack 03 Add-On,10.49,01/03/26-05:23:57
513099,TS Marketplace: Fads 177 Wagon Pack Add-On,10.49,01/03/26-05:23:58
513100,TS Marketplace: Falns 121 Wagon Pack Add-On,10.49,01/03/26-05:23:59
513101,TS Marketplace: Hbillns 303 Wagon Pack Add-On,10.49,01/03/26-05:24:00
513102,TS Marketplace: Ootz 42 Wagon Pack Add-On,10.49,01/03/26-05:24:01
513103,TS Marketplace: Sahimms 901 Wagon Pack Add-On,10.49,01/03/26-05:24:02
513104,TS Marketplace: Tagnoos 898 Wagon Pack Add-On,10.49,01/03/26-05:24:03
513105,TS Marketplace: Tamns 893 Wagon Pack Add-On,10.49,01/03/26-05:24:04
513108,TS Marketplace: Zags Pack 01 Add-On,10.49,01/03/26-05:24:05
513109,TS Marketplace: Zags Pack 02 Add-On,10.49,01/03/26-05:24:06
513111,TS Marketplace: LMS P1&P2 LMS Early Coach Pack Add-On,10.49,01/03/26-05:24:07
513112,TS Marketplace: LMS P1&P2 BR Crimson & Cream Coach Pack Add-On,10.49,01/03/26-05:24:08
513113,TS Marketplace: LMS P1&P2 BR Maroon Coach Pack Add-On,10.49,01/03/26-05:24:09
513114,TS Marketplace: LMS P1&P2 LMS Late Coach Pack Add-On,10.49,01/03/26-05:24:10
513115,TS Marketplace: British Railways S15 Livery Pack Add-On,10.49,01/03/26-05:24:11
513116,TS Marketplace: DD35 Demonstrator Add-On,10.49,01/03/26-05:24:12
513117,TS Marketplace: Zacns Wagon Pack 01 Add-On,10.49,01/03/26-05:24:12
513118,TS Marketplace: Zacns Wagon Pack 02 Add-On,10.49,01/03/26-05:24:13
513119,TS Marketplace: GWR Churchward Panelled Toplights Pack 01 Add-On,10.49,01/03/26-05:24:14
562391,TS Marketplace: North Jersey Coast & Morristown Lines Scenario Pack 01 Add-On,19.99,01/03/26-05:24:15
623250,TS Marketplace: GWR Churchward Panelled Toplights Pack 02 Add-On,10.49,01/03/26-05:24:16
623260,TS Marketplace: Baltimore and Ohio GE 44 Add-On,10.49,01/03/26-05:24:17
623262,TS Marketplace: ÖBB 1044 '100' Livery Add-On,10.49,01/03/26-05:24:18
623263,TS Marketplace: SECR 60FT Birdcage BR Crimson Add-on,10.89,01/03/26-05:24:19
623264,TS Marketplace: SECR 60FT Birdcage SECR Crimson Lake Add-On,10.89,01/03/26-05:24:20
623265,TS Marketplace: SECR 60FT Birdcage SR Green Add-On,10.49,01/03/26-05:24:21
623268,TS Marketplace: NER/GNR Non-Corridor BR Pack,10.89,01/03/26-05:24:22
643690,TS Marketplace: NER/GNR Non-Corridor LNER Pack,10.89,01/03/26-05:24:23
643693,TS Marketplace: Maunsell 59ft Low Window Corridor Coach Pack BR Green,10.89,01/03/26-05:24:24
643694,TS Marketplace: Maunsell 59ft Low Window Corridor Coach Pack Crimson Cream,10.89,01/03/26-05:24:25
643695,TS Marketplace: Maunsell 59ft Low Window Corridor Coach Pack Southern Malachite Green,10.89,01/03/26-05:24:26
643696,TS Marketplace: Maunsell 59ft Low Window Corridor Coach Pack Southern Olive Green,10.89,01/03/26-05:24:27
643697,TS Marketplace: New York Central RF-16 Livery Add-On,10.89,01/03/26-05:24:28
643698,TS Marketplace: PRR X23 Boxcar Wagon Pack Add-On,10.89,01/03/26-05:24:29
643699,TS Marketplace: GWR Churchward Panelled Toplights Pack 03 Add-On,10.89,01/03/26-05:24:30
678160,TS Marketplace: GWR Churchward Panelled Toplights Pack 04 Add-On,10.89,01/03/26-05:24:31
678180,TS Marketplace: GWR Churchward Panelled Toplights Pack 05 Add-On,10.89,01/03/26-05:24:32
678181,TS Marketplace: GWR Churchward Panelled Toplights Pack 06 Add-On,10.89,01/03/26-05:24:32
678182,TS Marketplace: Caledonian Railway 45ft Non-Corridor - Caledonian Railway Add-On,10.89,01/03/26-05:24:33
678183,TS Marketplace: Caledonian Railway 45ft Non-Corridor - LMS Period 1 Add-On,10.89,01/03/26-05:24:34
678185,TS Marketplace: Southern Pacific/Cotton Belt GP30 Livery Add-On,10.89,01/03/26-05:24:35
678186,TS Marketplace: TfL Rail BR Class 315 EMU Livery Add-On,10.89,01/03/26-05:26:06
678187,TS Marketplace: Thompson Corridor Coaches Pack 03 Add-On,10.89,01/03/26-05:26:07
678188,TS Marketplace: Caledonian Railway 65ft Grampian BR Crimson & Cream Coach Pack Add-On,10.89,01/03/26-05:26:08
704320,TS Marketplace: Caledonian Railway 65ft Grampian LMS Period 1 Coach Pack,10.89,01/03/26-05:26:09
704321,TS Marketplace: Caledonian Railway 65ft Grampian LMS Period 3 Coach Pack,10.89,01/03/26-05:26:10
704322,TS Marketplace: Caledonian Railway 65ft Grampian Coach Pack Add-On,10.89,01/03/26-05:26:11
704325,TS Marketplace: LMS Period 1 Non-Corridor Coach Pack BR Crimson,10.89,01/03/26-05:26:12
704326,TS Marketplace: LMS Period 1 Non-Corridor Coach Pack BR Maroon,10.89,01/03/26-05:26:13
704327,TS Marketplace: LMS Period 1 Non-Corridor Coach Pack Early Add-On,10.89,01/03/26-05:26:14
704328,TS Marketplace: LMS Period 1 Non-Corridor Coach Pack Late Add-On,10.89,01/03/26-05:26:15
774760,TS Marketplace: Norfolk Southern Coal District Scenario Pack 01 Add-On,20.69,01/03/26-05:26:16
861882,TS Marketplace: GP40-2 Mini Scenario Pack 01 Add-On,10.89,01/03/26-05:26:17
861883,TS Marketplace: GP40-2 Mini Scenario Pack 02 Add-On,10.89,01/03/26-05:26:18
258655,Train Simulator: Metro-North P32 AC-DM 'Genesis' Loco Add-On,34.99,01/03/26-05:26:19
277737,Train Simulator: Norfolk Southern SD40-2 High Nose Long Hood Forward Loco Add-On,34.99,01/03/26-05:26:20
258666,Train Simulator: Norfolk Southern GP38-2 High Hood Loco Add-On,34.99,01/03/26-05:26:21
500249,Train Simulator: BR Standard Class 7 ‘Britannia Class’ Steam Loco Add-On,37.99,01/03/26-05:26:22
500215,Train Simulator: GWR 7800 'Manor' class Add-On,37.99,01/03/26-05:26:23
500243,Train Simulator: LNER Class V2 Steam Loco Add-On,47.49,01/03/26-05:26:24
642800,Train Simulator: MRCE Dispolok Pack Loco Add-On,37.99,01/03/26-05:26:25
896765,Train Simulator: UK Military Wagon Pack Add-On,22.79,01/03/26-05:26:26
1109204,TS Marketplace: Chicago Racetrack Scenario Pack 01 Add-On,20.69,01/03/26-05:26:27
967300,TS Marketplace: Northeast Corridor Scenario Pack 01 Add-On,20.69,01/03/26-05:26:28
513107,TS Marketplace: Seacow Wagon Pack Add-On,10.49,01/03/26-05:26:29
500210,TS Marketplace: Sherman Hill Scenario Pack 01 Add-On,19.99,01/03/26-05:26:30
834405,TS Marketplace: Soldier Summit & Salt Lake City Scenario Pack 01 Add-On,20.69,01/03/26-05:26:30
861884,TS Marketplace: Soldier Summit & Salt Lake City Scenario Pack 02 Add-On,20.69,01/03/26-05:26:31
642790,TS Marketplace: Soldier Summit Scenario Pack 01 Add-On,20.69,01/03/26-05:26:32
896712,TS Marketplace: Union Pacific Scenario Pack 01 Add-On,20.69,01/03/26-05:26:33
896716,TS Marketplace: Union Pacific Scenario Pack 02 Add-On,20.69,01/03/26-05:26:34
513106,TS Marketplace: VGA/VKA Wagon Pack Add-On,10.49,01/03/26-05:26:35
967285,TS Marketplace: Woodhead Electric Railway in Blue Scenario Pack 01,20.69,01/03/26-05:26:36
